id,direction,group,label,speed
0,V,DAQ_8,-0.2,425
1,H,DAQ_1,0.0,750
2,V,DAQ_1,0.0,425
3,V,DAQ_9,-0.3,750
4,H,DAQ_9,-0.3,750
5,V,DAQ_3,0.2,750
6,V,DAQ_11,-0.5,425
7,V,DAQ_4,0.3,425
8,H,DAQ_3,0.2,750
9,V,DAQ_11,-0.5,425
10,H,DAQ_4,0.3,425
11,H,DAQ_5,0.4,750
12,V,DAQ_1,0.0,750
13,V,DAQ_2,0.1,750
14,V,DAQ_6,0.5,425
15,H,DAQ_4,0.3,750
16,V,DAQ_10,-0.4,750
17,H,DAQ_1,0.0,750
18,H,DAQ_5,0.4,750
19,H,DAQ_9,-0.3,750
20,V,DAQ_10,-0.4,425
21,H,DAQ_10,-0.4,750
22,V,DAQ_9,-0.3,425
23,V,DAQ_11,-0.5,750
24,V,DAQ_1,0.0,425
25,V,DAQ_3,0.2,425
26,V,DAQ_1,0.0,425
27,H,DAQ_3,0.2,425
28,H,DAQ_2,0.1,425
29,H,DAQ_7,-0.1,425
30,V,DAQ_9,-0.3,750
31,H,DAQ_3,0.2,425
32,V,DAQ_6,0.5,425
33,V,DAQ_6,0.5,750
34,V,DAQ_4,0.3,425
35,V,DAQ_7,-0.1,425
36,V,DAQ_1,0.0,425
37,H,DAQ_1,0.0,750
38,H,DAQ_9,-0.3,750
39,V,DAQ_2,0.1,750
40,H,DAQ_2,0.1,425
41,V,DAQ_9,-0.3,750
42,H,DAQ_4,0.3,750
43,V,DAQ_3,0.2,425
44,H,DAQ_7,-0.1,750
45,H,DAQ_9,-0.3,425
46,H,DAQ_9,-0.3,750
47,H,DAQ_10,-0.4,425
48,H,DAQ_6,0.5,750
49,V,DAQ_3,0.2,750
50,H,DAQ_7,-0.1,425
51,H,DAQ_8,-0.2,750
52,V,DAQ_2,0.1,750
53,V,DAQ_7,-0.1,750
54,V,DAQ_4,0.3,425
55,H,DAQ_9,-0.3,425
56,H,DAQ_1,0.0,425
57,H,DAQ_2,0.1,750
58,H,DAQ_2,0.1,750
59,V,DAQ_7,-0.1,425
60,V,DAQ_11,-0.5,425
61,H,DAQ_3,0.2,425
62,H,DAQ_4,0.3,750
63,H,DAQ_7,-0.1,750
64,H,DAQ_1,0.0,425
65,H,DAQ_11,-0.5,750
66,V,DAQ_8,-0.2,750
67,V,DAQ_1,0.0,425
68,H,DAQ_3,0.2,750
69,H,DAQ_5,0.4,425
70,V,DAQ_10,-0.4,750
71,V,DAQ_10,-0.4,425
72,H,DAQ_9,-0.3,750
73,H,DAQ_5,0.4,425
74,H,DAQ_5,0.4,425
75,H,DAQ_2,0.1,425
76,V,DAQ_4,0.3,425
77,H,DAQ_1,0.0,425
78,H,DAQ_3,0.2,425
79,H,DAQ_2,0.1,425
80,H,DAQ_4,0.3,425
81,V,DAQ_6,0.5,425
82,H,DAQ_10,-0.4,425
83,H,DAQ_8,-0.2,750
84,V,DAQ_11,-0.5,750
85,H,DAQ_10,-0.4,750
86,H,DAQ_5,0.4,750
87,V,DAQ_2,0.1,750
88,V,DAQ_5,0.4,425
89,H,DAQ_2,0.1,750
90,H,DAQ_1,0.0,425
91,H,DAQ_10,-0.4,750
92,V,DAQ_4,0.3,425
93,H,DAQ_5,0.4,425
94,H,DAQ_6,0.5,425
95,V,DAQ_7,-0.1,425
96,V,DAQ_2,0.1,750
97,H,DAQ_6,0.5,425
98,V,DAQ_5,0.4,425
99,H,DAQ_9,-0.3,425
100,H,DAQ_2,0.1,425
101,V,DAQ_8,-0.2,425
102,H,DAQ_5,0.4,750
103,H,DAQ_8,-0.2,425
104,V,DAQ_7,-0.1,425
105,V,DAQ_2,0.1,425
106,H,DAQ_6,0.5,425
107,H,DAQ_1,0.0,425
108,V,DAQ_10,-0.4,750
109,V,DAQ_1,0.0,425
110,H,DAQ_9,-0.3,425
111,H,DAQ_6,0.5,425
112,V,DAQ_8,-0.2,750
113,V,DAQ_1,0.0,425
114,H,DAQ_9,-0.3,425
115,H,DAQ_11,-0.5,750
116,H,DAQ_4,0.3,425
117,H,DAQ_2,0.1,750
118,V,DAQ_11,-0.5,750
119,H,DAQ_3,0.2,750
120,H,DAQ_8,-0.2,750
121,H,DAQ_10,-0.4,425
122,V,DAQ_3,0.2,425
123,H,DAQ_4,0.3,425
124,V,DAQ_5,0.4,425
125,V,DAQ_5,0.4,425
126,V,DAQ_8,-0.2,425
127,V,DAQ_10,-0.4,750
128,H,DAQ_1,0.0,750
129,H,DAQ_3,0.2,750
130,H,DAQ_4,0.3,750
131,V,DAQ_3,0.2,425
132,H,DAQ_10,-0.4,425
133,V,DAQ_4,0.3,425
134,H,DAQ_7,-0.1,750
135,V,DAQ_8,-0.2,750
136,H,DAQ_4,0.3,750
137,H,DAQ_10,-0.4,425
138,V,DAQ_1,0.0,425
139,V,DAQ_5,0.4,425
140,V,DAQ_10,-0.4,750
141,V,DAQ_3,0.2,425
142,V,DAQ_2,0.1,425
143,H,DAQ_6,0.5,750
144,V,DAQ_3,0.2,425
145,H,DAQ_5,0.4,750
146,H,DAQ_6,0.5,750
147,V,DAQ_2,0.1,425
148,H,DAQ_9,-0.3,750
149,V,DAQ_1,0.0,750
150,H,DAQ_7,-0.1,425
151,V,DAQ_9,-0.3,425
152,V,DAQ_8,-0.2,425
153,V,DAQ_3,0.2,425
154,V,DAQ_8,-0.2,750
155,H,DAQ_1,0.0,425
156,V,DAQ_10,-0.4,425
157,V,DAQ_6,0.5,425
158,V,DAQ_5,0.4,750
159,H,DAQ_2,0.1,425
160,V,DAQ_11,-0.5,750
161,H,DAQ_8,-0.2,750
162,H,DAQ_4,0.3,750
163,V,DAQ_4,0.3,425
164,V,DAQ_7,-0.1,425
165,V,DAQ_8,-0.2,425
166,H,DAQ_2,0.1,750
167,H,DAQ_11,-0.5,750
168,H,DAQ_1,0.0,750
169,H,DAQ_4,0.3,425
170,H,DAQ_5,0.4,750
171,H,DAQ_5,0.4,425
172,V,DAQ_11,-0.5,425
173,V,DAQ_10,-0.4,750
174,H,DAQ_6,0.5,425
175,V,DAQ_6,0.5,750
176,V,DAQ_6,0.5,425
177,H,DAQ_3,0.2,750
178,H,DAQ_4,0.3,425
179,V,DAQ_7,-0.1,425
180,H,DAQ_7,-0.1,750
181,H,DAQ_10,-0.4,425
182,H,DAQ_1,0.0,425
183,V,DAQ_8,-0.2,425
184,H,DAQ_5,0.4,425
185,V,DAQ_10,-0.4,750
186,V,DAQ_2,0.1,425
187,V,DAQ_9,-0.3,750
188,H,DAQ_9,-0.3,425
189,H,DAQ_5,0.4,750
190,H,DAQ_10,-0.4,425
191,H,DAQ_6,0.5,750
192,H,DAQ_11,-0.5,750
193,H,DAQ_1,0.0,750
194,H,DAQ_7,-0.1,425
195,H,DAQ_2,0.1,425
196,V,DAQ_11,-0.5,750
197,H,DAQ_5,0.4,750
198,H,DAQ_6,0.5,750
199,V,DAQ_5,0.4,425
200,H,DAQ_2,0.1,425
201,H,DAQ_10,-0.4,750
202,H,DAQ_4,0.3,750
203,H,DAQ_6,0.5,750
204,H,DAQ_6,0.5,750
205,V,DAQ_7,-0.1,750
206,H,DAQ_10,-0.4,750
207,H,DAQ_2,0.1,425
208,V,DAQ_3,0.2,425
209,H,DAQ_5,0.4,750
210,H,DAQ_6,0.5,425
211,H,DAQ_6,0.5,425
212,H,DAQ_11,-0.5,750
213,V,DAQ_5,0.4,750
214,H,DAQ_4,0.3,750
215,H,DAQ_11,-0.5,425
216,H,DAQ_11,-0.5,750
217,V,DAQ_6,0.5,750
218,V,DAQ_4,0.3,425
219,V,DAQ_2,0.1,750
220,H,DAQ_10,-0.4,425
221,H,DAQ_3,0.2,750
222,V,DAQ_8,-0.2,425
223,H,DAQ_5,0.4,425
224,H,DAQ_9,-0.3,425
225,H,DAQ_2,0.1,425
226,H,DAQ_10,-0.4,750
227,V,DAQ_6,0.5,425
228,V,DAQ_9,-0.3,750
229,H,DAQ_8,-0.2,750
230,H,DAQ_6,0.5,750
231,V,DAQ_8,-0.2,750
232,H,DAQ_10,-0.4,750
233,H,DAQ_5,0.4,425
234,H,DAQ_2,0.1,425
235,V,DAQ_5,0.4,425
236,H,DAQ_2,0.1,425
237,H,DAQ_5,0.4,425
238,H,DAQ_10,-0.4,425
239,V,DAQ_5,0.4,425
240,V,DAQ_2,0.1,425
241,H,DAQ_6,0.5,750
242,V,DAQ_2,0.1,750
243,V,DAQ_3,0.2,425
244,H,DAQ_5,0.4,425
245,H,DAQ_6,0.5,750
246,H,DAQ_4,0.3,425
247,V,DAQ_2,0.1,750
248,V,DAQ_11,-0.5,750
249,H,DAQ_4,0.3,425
250,V,DAQ_11,-0.5,750
251,H,DAQ_9,-0.3,425
252,V,DAQ_1,0.0,425
253,H,DAQ_10,-0.4,750
254,H,DAQ_11,-0.5,750
255,V,DAQ_11,-0.5,425
256,H,DAQ_4,0.3,425
257,V,DAQ_8,-0.2,750
258,H,DAQ_5,0.4,425
259,V,DAQ_2,0.1,425
260,H,DAQ_11,-0.5,425
261,V,DAQ_3,0.2,425
262,H,DAQ_1,0.0,425
263,H,DAQ_9,-0.3,425
264,V,DAQ_5,0.4,425
265,V,DAQ_2,0.1,750
266,H,DAQ_1,0.0,750
267,V,DAQ_11,-0.5,750
268,H,DAQ_5,0.4,425
269,H,DAQ_10,-0.4,425
270,H,DAQ_2,0.1,750
271,V,DAQ_7,-0.1,425
272,V,DAQ_6,0.5,425
273,H,DAQ_2,0.1,425
274,V,DAQ_7,-0.1,750
275,H,DAQ_4,0.3,750
276,H,DAQ_9,-0.3,750
277,H,DAQ_10,-0.4,425
278,H,DAQ_2,0.1,750
279,V,DAQ_2,0.1,750
280,V,DAQ_10,-0.4,750
281,H,DAQ_2,0.1,425
282,H,DAQ_1,0.0,750
283,V,DAQ_4,0.3,425
284,V,DAQ_5,0.4,750
285,V,DAQ_5,0.4,425
286,V,DAQ_1,0.0,750
287,H,DAQ_9,-0.3,750
288,H,DAQ_7,-0.1,425
289,H,DAQ_11,-0.5,750
290,V,DAQ_11,-0.5,425
291,V,DAQ_8,-0.2,750
292,H,DAQ_7,-0.1,425
293,H,DAQ_7,-0.1,750
294,H,DAQ_8,-0.2,750
295,V,DAQ_2,0.1,750
296,H,DAQ_9,-0.3,750
297,H,DAQ_5,0.4,425
298,H,DAQ_9,-0.3,425
299,V,DAQ_6,0.5,750
300,V,DAQ_2,0.1,750
301,H,DAQ_10,-0.4,425
302,H,DAQ_4,0.3,750
303,H,DAQ_10,-0.4,425
304,V,DAQ_3,0.2,750
305,V,DAQ_11,-0.5,425
306,V,DAQ_8,-0.2,750
307,H,DAQ_5,0.4,750
308,V,DAQ_10,-0.4,425
309,H,DAQ_9,-0.3,425
310,H,DAQ_4,0.3,750
311,H,DAQ_8,-0.2,425
312,V,DAQ_1,0.0,425
313,V,DAQ_10,-0.4,750
314,V,DAQ_5,0.4,750
315,V,DAQ_1,0.0,750
316,H,DAQ_5,0.4,425
317,H,DAQ_10,-0.4,750
318,H,DAQ_4,0.3,750
319,H,DAQ_8,-0.2,425
320,H,DAQ_3,0.2,750
321,H,DAQ_2,0.1,425
322,V,DAQ_5,0.4,425
323,H,DAQ_3,0.2,750
324,H,DAQ_3,0.2,750
325,V,DAQ_1,0.0,425
326,H,DAQ_8,-0.2,425
327,H,DAQ_3,0.2,425
328,V,DAQ_5,0.4,425
329,H,DAQ_8,-0.2,750
330,V,DAQ_5,0.4,750
331,V,DAQ_9,-0.3,425
332,V,DAQ_2,0.1,750
333,V,DAQ_2,0.1,750
334,H,DAQ_10,-0.4,425
335,H,DAQ_11,-0.5,750
336,V,DAQ_5,0.4,425
337,V,DAQ_4,0.3,425
338,V,DAQ_10,-0.4,425
339,H,DAQ_8,-0.2,425
340,H,DAQ_4,0.3,750
341,V,DAQ_1,0.0,750
342,H,DAQ_8,-0.2,425
343,V,DAQ_6,0.5,750
344,H,DAQ_2,0.1,750
345,H,DAQ_7,-0.1,425
346,H,DAQ_6,0.5,425
347,H,DAQ_8,-0.2,750
348,H,DAQ_11,-0.5,750
349,H,DAQ_4,0.3,750
350,V,DAQ_11,-0.5,750
351,V,DAQ_2,0.1,425
352,H,DAQ_4,0.3,750
353,H,DAQ_8,-0.2,750
354,H,DAQ_1,0.0,750
355,V,DAQ_9,-0.3,425
356,V,DAQ_1,0.0,425
357,H,DAQ_2,0.1,425
358,H,DAQ_1,0.0,750
359,V,DAQ_9,-0.3,425
360,H,DAQ_3,0.2,750
361,V,DAQ_7,-0.1,425
362,V,DAQ_9,-0.3,425
363,H,DAQ_11,-0.5,425
364,V,DAQ_11,-0.5,425
365,V,DAQ_8,-0.2,750
366,V,DAQ_6,0.5,425
367,H,DAQ_6,0.5,425
368,H,DAQ_9,-0.3,425
369,V,DAQ_1,0.0,750
370,H,DAQ_1,0.0,750
371,H,DAQ_7,-0.1,425
372,V,DAQ_2,0.1,425
373,H,DAQ_1,0.0,425
374,V,DAQ_1,0.0,425
375,H,DAQ_2,0.1,425
376,H,DAQ_8,-0.2,425
377,V,DAQ_11,-0.5,750
378,H,DAQ_2,0.1,425
379,V,DAQ_10,-0.4,750
380,V,DAQ_1,0.0,425
381,H,DAQ_8,-0.2,425
382,H,DAQ_6,0.5,750
383,V,DAQ_11,-0.5,750
384,H,DAQ_11,-0.5,750
385,H,DAQ_1,0.0,750
386,V,DAQ_8,-0.2,425
387,H,DAQ_2,0.1,425
388,V,DAQ_8,-0.2,750
389,H,DAQ_7,-0.1,750
390,V,DAQ_5,0.4,425
391,H,DAQ_5,0.4,425
392,H,DAQ_6,0.5,425
393,V,DAQ_8,-0.2,425
394,V,DAQ_8,-0.2,425
395,H,DAQ_2,0.1,425
396,H,DAQ_11,-0.5,425
397,V,DAQ_11,-0.5,425
398,H,DAQ_6,0.5,425
399,H,DAQ_2,0.1,425
400,H,DAQ_6,0.5,425
401,V,DAQ_7,-0.1,750
402,H,DAQ_11,-0.5,750
403,V,DAQ_8,-0.2,750
404,V,DAQ_2,0.1,425
405,V,DAQ_7,-0.1,425
406,V,DAQ_3,0.2,750
407,H,DAQ_4,0.3,425
408,V,DAQ_7,-0.1,750
409,H,DAQ_1,0.0,425
410,H,DAQ_5,0.4,425
411,H,DAQ_2,0.1,750
412,H,DAQ_1,0.0,750
413,V,DAQ_6,0.5,750
414,V,DAQ_4,0.3,425
415,V,DAQ_1,0.0,750
416,H,DAQ_7,-0.1,425
417,V,DAQ_8,-0.2,750
418,H,DAQ_3,0.2,750
419,V,DAQ_2,0.1,750
420,V,DAQ_11,-0.5,425
421,H,DAQ_4,0.3,750
422,H,DAQ_6,0.5,425
423,H,DAQ_7,-0.1,750
424,H,DAQ_8,-0.2,425
425,V,DAQ_9,-0.3,425
426,H,DAQ_10,-0.4,750
427,V,DAQ_6,0.5,750
428,H,DAQ_1,0.0,425
429,V,DAQ_11,-0.5,750
430,H,DAQ_7,-0.1,750
431,V,DAQ_3,0.2,425
432,V,DAQ_3,0.2,425
433,V,DAQ_8,-0.2,425
434,H,DAQ_5,0.4,750
435,V,DAQ_2,0.1,750
436,H,DAQ_8,-0.2,750
437,H,DAQ_2,0.1,425
438,H,DAQ_7,-0.1,750
439,H,DAQ_8,-0.2,425
440,H,DAQ_11,-0.5,750
441,V,DAQ_1,0.0,425
442,H,DAQ_10,-0.4,750
443,V,DAQ_1,0.0,750
444,H,DAQ_6,0.5,750
445,V,DAQ_6,0.5,425
446,V,DAQ_3,0.2,425
447,H,DAQ_4,0.3,425
448,V,DAQ_11,-0.5,425
449,H,DAQ_8,-0.2,425
450,V,DAQ_6,0.5,425
451,H,DAQ_2,0.1,750
452,V,DAQ_7,-0.1,425
453,V,DAQ_9,-0.3,750
454,H,DAQ_8,-0.2,425
455,V,DAQ_5,0.4,750
456,H,DAQ_5,0.4,425
457,H,DAQ_4,0.3,425
458,H,DAQ_11,-0.5,750
459,V,DAQ_5,0.4,750
460,H,DAQ_6,0.5,425
461,V,DAQ_6,0.5,425
462,V,DAQ_3,0.2,425
463,V,DAQ_10,-0.4,425
464,V,DAQ_10,-0.4,425
465,H,DAQ_7,-0.1,750
466,V,DAQ_1,0.0,425
467,H,DAQ_4,0.3,425
468,V,DAQ_2,0.1,425
469,H,DAQ_3,0.2,750
470,H,DAQ_10,-0.4,750
471,V,DAQ_7,-0.1,425
472,V,DAQ_8,-0.2,750
473,V,DAQ_9,-0.3,425
474,V,DAQ_4,0.3,425
475,V,DAQ_1,0.0,425
476,H,DAQ_9,-0.3,425
477,H,DAQ_4,0.3,425
478,H,DAQ_2,0.1,425
479,V,DAQ_5,0.4,425
480,V,DAQ_2,0.1,750
481,V,DAQ_1,0.0,425
482,H,DAQ_11,-0.5,425
483,H,DAQ_4,0.3,750
484,H,DAQ_8,-0.2,425
485,V,DAQ_10,-0.4,750
486,V,DAQ_6,0.5,750
487,H,DAQ_5,0.4,750
488,H,DAQ_9,-0.3,425
489,H,DAQ_5,0.4,750
490,V,DAQ_1,0.0,425
491,H,DAQ_8,-0.2,750
492,H,DAQ_11,-0.5,750
493,V,DAQ_7,-0.1,750
494,H,DAQ_4,0.3,750
495,V,DAQ_2,0.1,750
496,V,DAQ_10,-0.4,750
497,H,DAQ_5,0.4,750
498,H,DAQ_4,0.3,425
499,V,DAQ_3,0.2,750
500,V,DAQ_6,0.5,750
501,H,DAQ_2,0.1,425
502,V,DAQ_7,-0.1,425
503,H,DAQ_1,0.0,425
504,H,DAQ_7,-0.1,750
505,V,DAQ_10,-0.4,750
506,V,DAQ_3,0.2,425
507,H,DAQ_1,0.0,425
508,H,DAQ_7,-0.1,425
509,H,DAQ_10,-0.4,425
510,H,DAQ_7,-0.1,425
511,H,DAQ_11,-0.5,750
512,H,DAQ_5,0.4,425
513,H,DAQ_9,-0.3,425
514,H,DAQ_8,-0.2,750
515,H,DAQ_7,-0.1,750
516,V,DAQ_11,-0.5,425
517,H,DAQ_7,-0.1,425
518,H,DAQ_11,-0.5,750
519,V,DAQ_5,0.4,750
520,V,DAQ_7,-0.1,750
521,V,DAQ_7,-0.1,425
522,H,DAQ_9,-0.3,750
523,V,DAQ_3,0.2,750
524,H,DAQ_10,-0.4,425
525,V,DAQ_8,-0.2,425
526,V,DAQ_2,0.1,425
527,V,DAQ_3,0.2,425
528,H,DAQ_8,-0.2,750
529,V,DAQ_11,-0.5,750
530,V,DAQ_6,0.5,425
531,V,DAQ_3,0.2,750
532,H,DAQ_10,-0.4,425
533,V,DAQ_11,-0.5,425
534,V,DAQ_1,0.0,750
535,H,DAQ_1,0.0,750
536,H,DAQ_1,0.0,425
537,V,DAQ_3,0.2,425
538,V,DAQ_8,-0.2,425
539,H,DAQ_1,0.0,750
540,H,DAQ_4,0.3,750
541,V,DAQ_1,0.0,750
542,V,DAQ_3,0.2,750
543,V,DAQ_7,-0.1,425
544,H,DAQ_11,-0.5,425
545,H,DAQ_6,0.5,750
546,H,DAQ_3,0.2,425
547,V,DAQ_11,-0.5,750
548,H,DAQ_8,-0.2,425
549,H,DAQ_1,0.0,750
550,V,DAQ_5,0.4,425
551,V,DAQ_8,-0.2,750
552,V,DAQ_8,-0.2,750
553,H,DAQ_11,-0.5,425
554,V,DAQ_7,-0.1,425
555,H,DAQ_3,0.2,750
556,V,DAQ_11,-0.5,425
557,H,DAQ_2,0.1,425
558,H,DAQ_7,-0.1,425
559,V,DAQ_2,0.1,425
560,H,DAQ_6,0.5,750
561,H,DAQ_4,0.3,425
562,H,DAQ_10,-0.4,750
563,H,DAQ_9,-0.3,425
564,V,DAQ_6,0.5,750
565,H,DAQ_4,0.3,750
566,V,DAQ_3,0.2,750
567,V,DAQ_5,0.4,425
568,H,DAQ_10,-0.4,425
569,V,DAQ_5,0.4,750
570,V,DAQ_2,0.1,750
571,V,DAQ_5,0.4,425
572,H,DAQ_9,-0.3,425
573,V,DAQ_9,-0.3,425
574,V,DAQ_8,-0.2,750
575,V,DAQ_11,-0.5,425
576,H,DAQ_3,0.2,425
577,H,DAQ_10,-0.4,425
578,H,DAQ_8,-0.2,425
579,H,DAQ_10,-0.4,425
580,H,DAQ_1,0.0,425
581,V,DAQ_7,-0.1,425
582,H,DAQ_10,-0.4,425
583,V,DAQ_6,0.5,425
584,H,DAQ_8,-0.2,750
585,V,DAQ_11,-0.5,425
586,H,DAQ_7,-0.1,750
587,V,DAQ_5,0.4,425
588,V,DAQ_4,0.3,425
589,V,DAQ_8,-0.2,425
590,V,DAQ_7,-0.1,750
591,V,DAQ_9,-0.3,750
592,H,DAQ_5,0.4,425
593,V,DAQ_5,0.4,425
594,H,DAQ_7,-0.1,750
595,H,DAQ_4,0.3,750
596,V,DAQ_3,0.2,425
597,H,DAQ_2,0.1,425
598,H,DAQ_3,0.2,425
599,H,DAQ_10,-0.4,425
600,H,DAQ_8,-0.2,750
601,H,DAQ_7,-0.1,750
602,H,DAQ_5,0.4,750
603,V,DAQ_8,-0.2,750
604,H,DAQ_5,0.4,425
605,H,DAQ_6,0.5,425
606,H,DAQ_7,-0.1,750
607,V,DAQ_2,0.1,425
608,H,DAQ_3,0.2,425
609,V,DAQ_2,0.1,750
610,H,DAQ_10,-0.4,750
611,V,DAQ_9,-0.3,750
612,V,DAQ_4,0.3,425
613,H,DAQ_2,0.1,425
614,V,DAQ_10,-0.4,425
615,V,DAQ_7,-0.1,425
616,H,DAQ_8,-0.2,750
617,H,DAQ_2,0.1,425
618,V,DAQ_2,0.1,425
619,V,DAQ_11,-0.5,750
620,H,DAQ_4,0.3,425
621,H,DAQ_1,0.0,750
622,V,DAQ_11,-0.5,750
623,V,DAQ_7,-0.1,750
624,V,DAQ_6,0.5,425
625,V,DAQ_3,0.2,750
626,H,DAQ_3,0.2,425
627,V,DAQ_11,-0.5,750
628,H,DAQ_11,-0.5,425
629,H,DAQ_3,0.2,750
630,V,DAQ_1,0.0,750
631,H,DAQ_4,0.3,750
632,V,DAQ_3,0.2,425
633,H,DAQ_1,0.0,425
634,H,DAQ_9,-0.3,425
635,V,DAQ_5,0.4,750
636,V,DAQ_2,0.1,425
637,H,DAQ_4,0.3,750
638,H,DAQ_7,-0.1,425
639,V,DAQ_10,-0.4,750
640,V,DAQ_5,0.4,425
641,V,DAQ_1,0.0,425
642,V,DAQ_10,-0.4,750
643,H,DAQ_1,0.0,425
644,V,DAQ_5,0.4,425
645,V,DAQ_3,0.2,425
646,V,DAQ_3,0.2,750
647,H,DAQ_11,-0.5,750
648,H,DAQ_10,-0.4,750
649,H,DAQ_2,0.1,750
650,H,DAQ_5,0.4,425
651,H,DAQ_9,-0.3,750
652,H,DAQ_10,-0.4,425
653,V,DAQ_2,0.1,750
654,V,DAQ_11,-0.5,750
655,V,DAQ_3,0.2,750
656,H,DAQ_1,0.0,425
657,V,DAQ_2,0.1,425
658,V,DAQ_1,0.0,750
659,H,DAQ_5,0.4,750
660,H,DAQ_8,-0.2,750
661,H,DAQ_7,-0.1,750
662,H,DAQ_2,0.1,425
663,H,DAQ_7,-0.1,425
664,V,DAQ_5,0.4,750
665,H,DAQ_5,0.4,750
666,V,DAQ_9,-0.3,750
667,H,DAQ_10,-0.4,425
668,H,DAQ_11,-0.5,750
669,V,DAQ_6,0.5,750
670,H,DAQ_9,-0.3,425
671,H,DAQ_8,-0.2,750
672,H,DAQ_6,0.5,425
673,H,DAQ_11,-0.5,750
674,H,DAQ_7,-0.1,425
675,V,DAQ_11,-0.5,750
676,H,DAQ_5,0.4,750
677,H,DAQ_7,-0.1,750
678,H,DAQ_1,0.0,750
679,V,DAQ_4,0.3,425
680,V,DAQ_2,0.1,750
681,H,DAQ_1,0.0,750
682,H,DAQ_6,0.5,425
683,V,DAQ_11,-0.5,425
684,V,DAQ_8,-0.2,425
685,H,DAQ_8,-0.2,425
686,H,DAQ_9,-0.3,750
687,V,DAQ_1,0.0,750
688,V,DAQ_10,-0.4,425
689,H,DAQ_8,-0.2,425
690,H,DAQ_1,0.0,750
691,H,DAQ_2,0.1,750
692,H,DAQ_1,0.0,750
693,H,DAQ_2,0.1,750
694,H,DAQ_2,0.1,750
695,V,DAQ_11,-0.5,750
696,H,DAQ_6,0.5,750
697,H,DAQ_1,0.0,750
698,H,DAQ_2,0.1,750
699,H,DAQ_5,0.4,750
700,H,DAQ_6,0.5,750
701,H,DAQ_5,0.4,750
702,V,DAQ_2,0.1,425
703,H,DAQ_11,-0.5,750
704,H,DAQ_11,-0.5,750
705,H,DAQ_9,-0.3,425
706,V,DAQ_4,0.3,425
707,H,DAQ_8,-0.2,425
708,H,DAQ_9,-0.3,750
709,V,DAQ_1,0.0,425
710,H,DAQ_3,0.2,750
711,H,DAQ_1,0.0,750
712,H,DAQ_10,-0.4,750
713,H,DAQ_1,0.0,750
714,V,DAQ_8,-0.2,425
715,H,DAQ_8,-0.2,425
716,V,DAQ_5,0.4,750
717,H,DAQ_3,0.2,425
718,V,DAQ_6,0.5,425
719,H,DAQ_7,-0.1,425
720,V,DAQ_10,-0.4,425
721,V,DAQ_2,0.1,750
722,H,DAQ_7,-0.1,750
723,H,DAQ_8,-0.2,425
724,H,DAQ_8,-0.2,750
725,V,DAQ_11,-0.5,425
726,H,DAQ_8,-0.2,750
727,V,DAQ_1,0.0,750
728,V,DAQ_2,0.1,425
729,H,DAQ_11,-0.5,425
730,H,DAQ_10,-0.4,750
731,H,DAQ_2,0.1,425
732,V,DAQ_9,-0.3,425
733,V,DAQ_6,0.5,750
734,V,DAQ_1,0.0,425
735,V,DAQ_7,-0.1,425
736,H,DAQ_11,-0.5,750
737,V,DAQ_7,-0.1,750
738,V,DAQ_10,-0.4,425
739,H,DAQ_2,0.1,425
740,H,DAQ_5,0.4,425
741,V,DAQ_5,0.4,425
742,V,DAQ_8,-0.2,750
743,H,DAQ_10,-0.4,750
744,H,DAQ_8,-0.2,750
745,V,DAQ_5,0.4,425
746,H,DAQ_5,0.4,750
747,V,DAQ_3,0.2,750
748,V,DAQ_2,0.1,425
749,H,DAQ_7,-0.1,750
750,V,DAQ_2,0.1,425
751,V,DAQ_4,0.3,425
752,V,DAQ_6,0.5,425
753,H,DAQ_6,0.5,425
754,H,DAQ_2,0.1,750
755,H,DAQ_1,0.0,750
756,V,DAQ_10,-0.4,425
757,H,DAQ_10,-0.4,750
758,V,DAQ_1,0.0,750
759,V,DAQ_9,-0.3,425
760,V,DAQ_3,0.2,750
761,H,DAQ_4,0.3,425
762,H,DAQ_10,-0.4,750
763,V,DAQ_11,-0.5,750
764,V,DAQ_1,0.0,750
765,V,DAQ_2,0.1,425
766,H,DAQ_2,0.1,425
767,V,DAQ_11,-0.5,750
768,H,DAQ_3,0.2,750
769,H,DAQ_11,-0.5,425
770,V,DAQ_3,0.2,750
771,H,DAQ_2,0.1,750
772,H,DAQ_8,-0.2,750
773,H,DAQ_6,0.5,425
774,H,DAQ_6,0.5,750
775,H,DAQ_7,-0.1,750
776,H,DAQ_2,0.1,750
777,V,DAQ_6,0.5,750
778,H,DAQ_3,0.2,750
779,H,DAQ_5,0.4,425
780,V,DAQ_8,-0.2,750
781,V,DAQ_7,-0.1,750
782,V,DAQ_7,-0.1,750
783,V,DAQ_6,0.5,750
784,H,DAQ_8,-0.2,750
785,H,DAQ_10,-0.4,750
786,V,DAQ_11,-0.5,750
787,V,DAQ_10,-0.4,425
788,H,DAQ_8,-0.2,425
789,H,DAQ_5,0.4,425
790,H,DAQ_3,0.2,750
791,H,DAQ_4,0.3,425
792,H,DAQ_5,0.4,425
793,H,DAQ_9,-0.3,425
794,V,DAQ_2,0.1,750
795,V,DAQ_7,-0.1,750
796,V,DAQ_11,-0.5,425
797,V,DAQ_7,-0.1,750
798,H,DAQ_5,0.4,750
799,H,DAQ_3,0.2,425
800,V,DAQ_7,-0.1,750
801,H,DAQ_8,-0.2,425
802,V,DAQ_8,-0.2,425
803,H,DAQ_7,-0.1,425
804,H,DAQ_4,0.3,750
805,H,DAQ_5,0.4,425
806,V,DAQ_5,0.4,425
807,V,DAQ_8,-0.2,750
808,H,DAQ_3,0.2,425
809,H,DAQ_4,0.3,425
810,H,DAQ_1,0.0,750
811,V,DAQ_1,0.0,425
812,V,DAQ_3,0.2,425
813,V,DAQ_6,0.5,750
814,H,DAQ_8,-0.2,750
815,V,DAQ_10,-0.4,425
816,H,DAQ_6,0.5,750
817,H,DAQ_7,-0.1,750
818,H,DAQ_7,-0.1,425
819,H,DAQ_1,0.0,750
820,H,DAQ_7,-0.1,750
821,V,DAQ_11,-0.5,750
822,H,DAQ_2,0.1,425
823,H,DAQ_10,-0.4,425
824,H,DAQ_10,-0.4,425
825,H,DAQ_1,0.0,750
826,V,DAQ_10,-0.4,425
827,V,DAQ_3,0.2,750
828,V,DAQ_3,0.2,425
829,V,DAQ_1,0.0,750
830,H,DAQ_5,0.4,750
831,H,DAQ_2,0.1,425
832,H,DAQ_9,-0.3,750
833,H,DAQ_1,0.0,750
834,V,DAQ_11,-0.5,425
835,V,DAQ_2,0.1,425
836,V,DAQ_8,-0.2,425
837,V,DAQ_11,-0.5,425
838,H,DAQ_8,-0.2,425
839,V,DAQ_10,-0.4,425
840,H,DAQ_9,-0.3,425
841,H,DAQ_1,0.0,425
842,H,DAQ_3,0.2,750
843,H,DAQ_5,0.4,425
844,V,DAQ_10,-0.4,750
845,V,DAQ_3,0.2,750
846,H,DAQ_1,0.0,425
847,H,DAQ_10,-0.4,750
848,V,DAQ_8,-0.2,425
849,H,DAQ_4,0.3,425
850,H,DAQ_1,0.0,750
851,H,DAQ_3,0.2,425
852,H,DAQ_4,0.3,750
853,H,DAQ_5,0.4,750
854,H,DAQ_7,-0.1,425
855,H,DAQ_11,-0.5,425
856,V,DAQ_2,0.1,750
857,H,DAQ_4,0.3,425
858,H,DAQ_7,-0.1,425
859,H,DAQ_10,-0.4,425
860,H,DAQ_2,0.1,750
861,V,DAQ_7,-0.1,750
862,V,DAQ_8,-0.2,750
863,V,DAQ_3,0.2,750
864,V,DAQ_5,0.4,425
865,H,DAQ_5,0.4,750
866,V,DAQ_7,-0.1,425
867,H,DAQ_1,0.0,750
868,H,DAQ_7,-0.1,750
869,H,DAQ_11,-0.5,425
870,H,DAQ_3,0.2,750
871,V,DAQ_2,0.1,750
872,V,DAQ_5,0.4,425
873,H,DAQ_3,0.2,750
874,H,DAQ_3,0.2,425
875,H,DAQ_4,0.3,425
876,H,DAQ_8,-0.2,425
877,V,DAQ_2,0.1,750
878,H,DAQ_3,0.2,425
879,H,DAQ_5,0.4,425
880,H,DAQ_2,0.1,750
881,H,DAQ_3,0.2,750
882,V,DAQ_10,-0.4,425
883,H,DAQ_11,-0.5,425
884,H,DAQ_2,0.1,750
885,V,DAQ_2,0.1,750
886,H,DAQ_6,0.5,425
887,H,DAQ_6,0.5,750
888,H,DAQ_10,-0.4,425
889,H,DAQ_11,-0.5,750
890,V,DAQ_9,-0.3,750
891,H,DAQ_6,0.5,425
892,H,DAQ_6,0.5,750
893,H,DAQ_6,0.5,750
894,V,DAQ_11,-0.5,425
895,V,DAQ_7,-0.1,425
896,H,DAQ_7,-0.1,425
897,H,DAQ_5,0.4,750
898,V,DAQ_7,-0.1,425
899,H,DAQ_4,0.3,750
900,V,DAQ_6,0.5,425
901,V,DAQ_2,0.1,425
902,H,DAQ_6,0.5,750
903,H,DAQ_4,0.3,750
904,V,DAQ_6,0.5,750
905,V,DAQ_4,0.3,425
906,H,DAQ_8,-0.2,750
907,V,DAQ_8,-0.2,750
908,V,DAQ_2,0.1,425
909,V,DAQ_5,0.4,750
910,H,DAQ_8,-0.2,425
911,H,DAQ_8,-0.2,425
912,H,DAQ_10,-0.4,750
913,V,DAQ_5,0.4,425
914,H,DAQ_4,0.3,750
915,V,DAQ_6,0.5,750
916,H,DAQ_11,-0.5,750
917,H,DAQ_4,0.3,425
918,V,DAQ_6,0.5,425
919,V,DAQ_9,-0.3,750
920,H,DAQ_11,-0.5,750
921,H,DAQ_2,0.1,425
922,H,DAQ_3,0.2,425
923,H,DAQ_4,0.3,750
924,H,DAQ_11,-0.5,750
925,V,DAQ_7,-0.1,425
926,H,DAQ_1,0.0,425
927,H,DAQ_1,0.0,750
928,H,DAQ_2,0.1,425
929,V,DAQ_10,-0.4,750
930,V,DAQ_10,-0.4,425
931,V,DAQ_4,0.3,425
932,V,DAQ_3,0.2,750
933,V,DAQ_3,0.2,425
934,V,DAQ_8,-0.2,750
935,V,DAQ_7,-0.1,750
936,H,DAQ_5,0.4,425
937,H,DAQ_4,0.3,750
938,V,DAQ_6,0.5,425
939,H,DAQ_4,0.3,750
940,H,DAQ_11,-0.5,425
941,H,DAQ_10,-0.4,750
942,V,DAQ_4,0.3,425
943,V,DAQ_2,0.1,425
944,V,DAQ_6,0.5,750
945,H,DAQ_8,-0.2,750
946,V,DAQ_10,-0.4,425
947,H,DAQ_3,0.2,425
948,V,DAQ_3,0.2,750
949,H,DAQ_2,0.1,425
950,H,DAQ_4,0.3,750
951,V,DAQ_4,0.3,425
952,V,DAQ_3,0.2,750
953,H,DAQ_9,-0.3,425
954,V,DAQ_5,0.4,425
955,H,DAQ_4,0.3,425
956,V,DAQ_8,-0.2,750
957,V,DAQ_6,0.5,425
958,V,DAQ_1,0.0,750
959,V,DAQ_4,0.3,425
960,V,DAQ_2,0.1,425
961,H,DAQ_11,-0.5,750
962,H,DAQ_3,0.2,750
963,V,DAQ_1,0.0,425
964,H,DAQ_3,0.2,750
965,H,DAQ_7,-0.1,750
966,H,DAQ_8,-0.2,425
967,V,DAQ_3,0.2,425
968,V,DAQ_9,-0.3,425
969,V,DAQ_11,-0.5,425
970,H,DAQ_11,-0.5,750
971,H,DAQ_1,0.0,750
972,V,DAQ_6,0.5,750
973,H,DAQ_2,0.1,750
974,V,DAQ_10,-0.4,750
975,H,DAQ_8,-0.2,750
976,H,DAQ_5,0.4,425
977,V,DAQ_3,0.2,750
978,H,DAQ_11,-0.5,425
979,V,DAQ_5,0.4,425
980,H,DAQ_4,0.3,750
981,V,DAQ_5,0.4,425
982,H,DAQ_10,-0.4,750
983,H,DAQ_2,0.1,750
984,V,DAQ_10,-0.4,750
985,V,DAQ_5,0.4,425
986,H,DAQ_2,0.1,425
987,H,DAQ_6,0.5,750
988,H,DAQ_10,-0.4,425
989,V,DAQ_3,0.2,750
990,V,DAQ_9,-0.3,750
991,H,DAQ_4,0.3,750
992,V,DAQ_9,-0.3,425
993,V,DAQ_11,-0.5,425
994,V,DAQ_7,-0.1,750
995,H,DAQ_10,-0.4,750
996,V,DAQ_7,-0.1,425
997,V,DAQ_5,0.4,425
998,V,DAQ_1,0.0,425
999,H,DAQ_1,0.0,425
1000,V,DAQ_9,-0.3,750
1001,V,DAQ_1,0.0,425
1002,V,DAQ_4,0.3,425
1003,V,DAQ_6,0.5,425
1004,H,DAQ_1,0.0,425
1005,V,DAQ_1,0.0,425
1006,H,DAQ_10,-0.4,750
1007,V,DAQ_1,0.0,425
1008,H,DAQ_4,0.3,750
1009,V,DAQ_4,0.3,425
1010,V,DAQ_5,0.4,425
1011,V,DAQ_6,0.5,425
1012,H,DAQ_1,0.0,425
1013,H,DAQ_2,0.1,425
1014,V,DAQ_2,0.1,425
1015,H,DAQ_2,0.1,425
1016,H,DAQ_6,0.5,425
1017,H,DAQ_2,0.1,750
1018,H,DAQ_10,-0.4,750
1019,V,DAQ_7,-0.1,425
1020,V,DAQ_2,0.1,425
1021,V,DAQ_10,-0.4,425
1022,H,DAQ_3,0.2,425
1023,H,DAQ_8,-0.2,750
1024,H,DAQ_2,0.1,425
1025,V,DAQ_2,0.1,750
1026,H,DAQ_3,0.2,750
1027,H,DAQ_8,-0.2,750
1028,H,DAQ_10,-0.4,750
1029,H,DAQ_8,-0.2,425
1030,H,DAQ_5,0.4,425
1031,H,DAQ_10,-0.4,750
1032,V,DAQ_2,0.1,425
1033,V,DAQ_5,0.4,750
1034,H,DAQ_5,0.4,425
1035,V,DAQ_6,0.5,750
1036,H,DAQ_2,0.1,425
1037,H,DAQ_3,0.2,425
1038,V,DAQ_10,-0.4,750
1039,V,DAQ_11,-0.5,750
1040,V,DAQ_3,0.2,425
1041,H,DAQ_6,0.5,750
1042,H,DAQ_5,0.4,425
1043,V,DAQ_8,-0.2,750
1044,V,DAQ_6,0.5,425
1045,H,DAQ_9,-0.3,425
1046,V,DAQ_2,0.1,425
1047,V,DAQ_3,0.2,750
1048,H,DAQ_5,0.4,750
1049,V,DAQ_1,0.0,750
1050,V,DAQ_2,0.1,750
1051,H,DAQ_2,0.1,425
1052,V,DAQ_6,0.5,750
1053,V,DAQ_5,0.4,750
1054,H,DAQ_6,0.5,750
1055,H,DAQ_6,0.5,425
1056,H,DAQ_8,-0.2,425
1057,V,DAQ_9,-0.3,425
1058,V,DAQ_5,0.4,425
1059,H,DAQ_5,0.4,425
1060,V,DAQ_1,0.0,425
1061,V,DAQ_9,-0.3,750
1062,H,DAQ_2,0.1,425
1063,V,DAQ_9,-0.3,750
1064,H,DAQ_2,0.1,750
1065,H,DAQ_6,0.5,425
1066,H,DAQ_9,-0.3,750
1067,H,DAQ_5,0.4,425
1068,H,DAQ_5,0.4,750
1069,H,DAQ_6,0.5,425
1070,H,DAQ_8,-0.2,750
1071,H,DAQ_7,-0.1,425
1072,V,DAQ_6,0.5,750
1073,H,DAQ_1,0.0,425
1074,V,DAQ_7,-0.1,750
1075,H,DAQ_7,-0.1,425
1076,H,DAQ_9,-0.3,425
1077,V,DAQ_7,-0.1,425
1078,H,DAQ_8,-0.2,425
1079,V,DAQ_3,0.2,750
1080,H,DAQ_2,0.1,425
1081,V,DAQ_11,-0.5,425
1082,V,DAQ_6,0.5,750
1083,H,DAQ_1,0.0,750
1084,H,DAQ_7,-0.1,425
1085,V,DAQ_7,-0.1,750
1086,H,DAQ_11,-0.5,750
1087,H,DAQ_5,0.4,750
1088,V,DAQ_1,0.0,750
1089,V,DAQ_8,-0.2,425
1090,H,DAQ_5,0.4,750
1091,V,DAQ_6,0.5,425
1092,V,DAQ_4,0.3,425
1093,V,DAQ_9,-0.3,425
1094,V,DAQ_6,0.5,750
1095,V,DAQ_1,0.0,425
1096,H,DAQ_10,-0.4,425
1097,H,DAQ_1,0.0,750
1098,V,DAQ_6,0.5,425
1099,V,DAQ_6,0.5,750
